,Unnamed: 0,Nose-Neck-RShoulder,Nose-Neck-LShoulder,Neck-RShoulder-RElbow,Neck-LShoulder-LElbow,RShoulder-RElbow-RWrist,LShoulder-LElbow-LWrist,RHip-RShoulder-RElbow,LHip-LShoulder-LElbow,MidHip-RHip-RShoulder,MidHip-LHip-LShoulder,MidHip-RHip-RKnee,MidHip-LHip-LKnee,RHip-RKnee-RAnkle,LHip-LKnee-LAnkle,RKnee-RAnkle-RBigToe,LKnee-LAnkle-LBigToe,MidHip-X,MidHip-Y
16,16,96.18156595148416,84.52045585556827,103.07724214355603,98.40592783352814,178.71519091006292,169.63296669523666,14.142470414065642,17.5563824292157,88.51376325027341,93.70290264410758,93.6432004485442,89.94446417457176,179.78151905956634,174.71891448150612,163.31495521611347,163.23073664679848,667.861,386.058
297,297,90.37567983369088,83.69042195281938,90.46229675718727,101.09117016451634,179.8447328036951,174.69834436706972,12.425339457377866,19.128098734822256,91.36466530286224,92.29435568417504,93.09072066645028,89.52198643496155,176.92738722626004,179.92504828961515,158.02177842091538,165.86804892999368,639.058,386.084
410,410,95.60140970474352,83.75402469028829,98.9284999224854,101.11593259718084,175.13084784728042,177.50451454819677,14.257442621825756,19.22642112483216,91.86293231890296,92.17736756197924,91.27482941820186,84.87938836268374,176.41909577862754,171.6354713048179,159.18853745218985,153.26888814501433,638.81,386.005
